City_ID,City,Country,Date,Lat,Lng,Max Temp,Humidity,Cloudiness,Wind Speed
0,Cape Town,ZA,2021-04-06 20:01:38,-33.9258,18.4232,66.0,82,0,4.61
1,Miguel Calmon,BR,2021-04-06 20:04:06,-11.4289,-40.595,83.7,46,17,6.53
2,Arraial Do Cabo,BR,2021-04-06 20:03:12,-22.9661,-42.0278,78.8,73,20,12.66
3,Rikitea,PF,2021-04-06 20:02:03,-23.1203,-134.9692,76.78,72,9,10.11
4,Ushuaia,AR,2021-04-06 20:02:17,-54.8,-68.3,51.8,62,75,5.75
5,Cherskiy,RU,2021-04-06 20:02:07,68.75,161.3,-22.41,99,31,2.17
6,Adrar,MR,2021-04-06 20:04:07,20.5022,-10.0711,84.13,14,2,6.22
7,Bambous Virieux,MU,2021-04-06 20:02:04,-20.3428,57.7575,78.01,94,40,2.3
8,Vanavara,RU,2021-04-06 20:04:07,60.34,102.2797,34.38,98,100,6.71
9,Inuvik,CA,2021-04-06 20:04:08,68.3499,-133.7218,-2.2,65,100,6.91
10,Bluff,NZ,2021-04-06 20:01:50,-46.6,168.3333,55.0,83,100,8.99
11,Mataura,NZ,2021-04-06 20:02:11,-46.1927,168.8643,55.0,83,100,8.99
12,Geraldton,AU,2021-04-06 20:02:08,-28.7667,114.6,68.0,83,43,8.05
13,Saint-Philippe,RE,2021-04-06 20:03:22,-21.3585,55.7679,78.8,73,0,5.75
14,Solnechnyy,RU,2021-04-06 20:04:09,50.7214,136.6319,22.73,93,100,2.39
15,Colon,PA,2021-04-06 20:04:09,9.3592,-79.9014,86.0,70,90,8.01
16,Nantucket,US,2021-04-06 20:03:26,41.2835,-70.0995,43.0,84,100,16.24
17,Umea,SE,2021-04-06 20:04:09,63.8284,20.2597,33.01,100,90,4.61
18,Hermanus,ZA,2021-04-06 20:02:17,-34.4187,19.2345,60.01,89,45,1.01
19,Jamestown,US,2021-04-06 19:59:30,42.097,-79.2353,70.0,42,1,3.44
20,Tuktoyaktuk,CA,2021-04-06 20:02:01,69.4541,-133.0374,-13.0,77,20,10.36
21,Tasiilaq,GL,2021-04-06 20:02:26,65.6145,-37.6368,23.0,80,20,16.11
22,Jasper,US,2021-04-06 20:00:05,37.2001,-94.3502,73.99,56,40,24.16
23,Kapaa,US,2021-04-06 20:02:15,22.0752,-159.319,75.2,57,75,24.16
24,Albany,US,2021-04-06 19:58:13,42.6001,-73.9662,64.0,17,5,1.01
25,Axim,GH,2021-04-06 20:03:26,4.8699,-2.2405,80.46,85,5,5.73
26,Hare Bay,CA,2021-04-06 20:03:56,48.8499,-54.0148,42.8,100,100,3.44
27,Nikolskoye,RU,2021-04-06 20:02:07,59.7035,30.7861,36.0,69,20,11.18
28,Kholodnyy,RU,2021-04-06 20:04:11,62.7167,147.95,-7.69,100,94,1.86
29,Norman Wells,CA,2021-04-06 20:03:54,65.282,-126.8329,3.2,60,75,3.44
30,Dondo,MZ,2021-04-06 20:04:12,-19.6094,34.7431,78.8,65,0,5.21
31,Srednekolymsk,RU,2021-04-06 20:04:12,67.45,153.6833,-20.9,96,75,7.29
32,Mahebourg,MU,2021-04-06 20:03:47,-20.4081,57.7,77.0,94,40,2.3
33,Yellowknife,CA,2021-04-06 19:57:42,62.456,-114.3525,19.99,73,75,14.97
34,Quelimane,MZ,2021-04-06 20:03:08,-17.8786,36.8883,78.01,78,40,3.44
35,Carnarvon,AU,2021-04-06 20:02:10,-24.8667,113.6333,75.2,83,82,10.36
36,Thompson,CA,2021-04-06 20:00:04,55.7435,-97.8558,33.8,69,75,6.91
37,Noumea,NC,2021-04-06 20:00:03,-22.2763,166.4572,79.0,88,90,8.01
38,Oranjemund,NA,2021-04-06 20:04:13,-28.55,16.4333,60.13,93,5,4.92
39,Ahipara,NZ,2021-04-06 20:04:13,-35.1667,173.1667,62.64,80,100,8.03
40,Portland,US,2021-04-06 20:01:40,45.5234,-122.6762,59.0,50,1,6.91
41,North Canton,US,2021-04-06 20:04:14,40.8759,-81.4023,78.8,29,20,14.97
42,Mar Del Plata,AR,2021-04-06 19:59:09,-38.0023,-57.5575,73.4,83,20,11.5
43,Atuona,PF,2021-04-06 20:02:14,-9.8,-139.0333,80.64,79,69,10.56
44,Pallasovka,RU,2021-04-06 20:04:14,50.05,46.8833,36.34,87,100,18.12
45,Damietta,EG,2021-04-06 20:04:14,31.4165,31.8133,68.0,83,0,6.24
46,Bredasdorp,ZA,2021-04-06 20:01:52,-34.5322,20.0403,59.0,88,96,4.61
47,Kavieng,PG,2021-04-06 20:04:15,-2.5744,150.7967,79.5,83,100,11.59
48,Busselton,AU,2021-04-06 20:02:18,-33.65,115.3333,60.01,97,60,5.57
49,Hirara,JP,2021-04-06 20:04:15,24.8,125.2833,68.54,66,0,23.96
50,Hasaki,JP,2021-04-06 20:03:30,35.7333,140.8333,42.8,87,20,5.75
51,Andros,GR,2021-04-06 20:04:16,37.8333,24.9333,57.0,83,0,8.46
52,Ancud,CL,2021-04-06 20:04:16,-41.8697,-73.8203,64.0,82,75,18.41
53,Loukhi,RU,2021-04-06 20:04:16,66.0764,33.0381,29.66,81,19,12.03
54,Talnakh,RU,2021-04-06 20:03:06,69.4865,88.3972,27.41,97,100,2.75
55,Lasa,IT,2021-04-06 20:03:42,46.6166,10.7002,42.8,58,0,4.61
56,Peterongan,ID,2021-04-06 20:04:17,-7.5394,112.2792,78.8,94,40,6.91
57,Souillac,MU,2021-04-06 20:01:03,-20.5167,57.5167,77.0,94,40,2.3
58,Chanika,TZ,2021-04-06 20:04:18,-5.4167,38.0167,67.53,99,48,3.27
59,Cidreira,BR,2021-04-06 20:02:40,-30.1811,-50.2056,74.86,78,0,12.3
60,Saskylakh,RU,2021-04-06 20:03:11,71.9167,114.0833,7.65,95,100,7.47
61,Yumen,CN,2021-04-06 20:04:18,40.2833,97.2,44.19,47,0,10.58
62,Egvekinot,RU,2021-04-06 20:03:22,66.3167,-179.1667,-4.5,79,0,3.18
63,Chara,RU,2021-04-06 20:04:19,56.9064,118.2631,8.29,91,94,2.59
64,Faanui,PF,2021-04-06 20:02:05,-16.4833,-151.75,80.76,61,87,12.28
65,Peniche,PT,2021-04-06 20:04:19,39.3558,-9.3811,59.0,86,100,1.99
66,Olinda,BR,2021-04-06 20:04:19,-8.0089,-34.8553,80.6,65,20,11.5
67,Hobart,AU,2021-04-06 20:02:32,-42.8794,147.3294,53.6,87,79,4.61
68,Muros,ES,2021-04-06 20:04:20,42.7762,-9.0603,54.0,60,1,19.93
69,Lavrentiya,RU,2021-04-06 20:04:20,65.5833,-171.0,-1.14,88,10,5.35
70,Chokurdakh,RU,2021-04-06 20:02:11,70.6333,147.9167,-24.63,93,97,2.37
71,Ihosy,MG,2021-04-06 20:04:21,-22.4,46.1167,65.48,93,41,9.62
72,Mirnyy,RU,2021-04-06 20:04:21,62.5353,113.9611,23.56,96,100,4.5
73,Chuy,UY,2021-04-06 20:02:28,-33.6971,-53.4616,73.47,70,14,9.1
74,Nha Trang,VN,2021-04-06 20:04:22,12.25,109.1833,77.0,78,20,5.75
75,Caravelas,BR,2021-04-06 20:04:22,-17.7125,-39.2481,78.42,65,0,7.16
76,Atar,MR,2021-04-06 20:04:22,20.5169,-13.0499,88.0,15,16,10.63
77,Gazanjyk,TM,2021-04-06 20:04:23,39.2446,55.5154,64.85,42,11,11.34
78,Aquiraz,BR,2021-04-06 20:03:05,-3.9014,-38.3911,86.0,70,20,12.66
79,Luderitz,NA,2021-04-06 20:02:33,-26.6481,15.1594,61.45,88,1,14.0
80,Hithadhoo,MV,2021-04-06 20:02:32,-0.6,73.0833,83.55,61,98,10.8
81,Khatanga,RU,2021-04-06 20:02:05,71.9667,102.5,-8.36,100,100,6.71
82,Taoudenni,ML,2021-04-06 20:04:24,22.6783,-3.9836,87.04,10,0,8.84
83,New Norfolk,AU,2021-04-06 20:02:30,-42.7826,147.0587,53.01,81,71,2.33
84,Dikson,RU,2021-04-06 20:02:15,73.5069,80.5464,-6.23,100,91,5.79
85,Pevek,RU,2021-04-06 20:03:38,69.7008,170.3133,-19.91,99,100,6.53
86,Haines Junction,CA,2021-04-06 20:04:24,60.7522,-137.5108,15.8,48,100,10.36
87,Viking,CA,2021-04-06 20:04:24,53.1001,-111.7684,51.8,30,100,9.22
88,Hilo,US,2021-04-06 20:02:03,19.7297,-155.09,69.8,88,90,4.61
89,Upernavik,GL,2021-04-06 20:02:45,72.7868,-56.1549,8.62,92,100,16.37
90,Puerto Ayora,EC,2021-04-06 20:02:09,-0.7393,-90.3518,82.4,74,20,12.66
91,Kodiak,US,2021-04-06 20:03:09,57.79,-152.4072,37.4,52,1,8.05
92,Nara,JP,2021-04-06 20:04:25,34.6851,135.8049,52.0,70,61,3.0
93,Dongsheng,CN,2021-04-06 20:04:26,39.8161,109.9776,39.69,71,8,4.47
94,Antsohihy,MG,2021-04-06 20:02:22,-14.8796,47.9875,75.11,94,99,1.83
95,Khash,IR,2021-04-06 20:04:26,28.2211,61.2158,59.09,14,0,5.55
96,Clyde River,CA,2021-04-06 20:03:24,70.4692,-68.5914,12.2,67,40,23.02
97,Paita,PE,2021-04-06 20:04:26,-5.0892,-81.1144,82.4,61,0,6.91
98,Sakakah,SA,2021-04-06 20:04:27,29.9697,40.2064,73.4,10,0,13.8
99,Mitsamiouli,KM,2021-04-06 20:04:27,-11.3847,43.2844,82.09,71,100,12.86
100,Chapais,CA,2021-04-06 20:03:04,49.7834,-74.8492,50.0,50,1,2.3
101,Punta Arenas,CL,2021-04-06 20:00:00,-53.15,-70.9167,50.0,81,90,6.91
102,Narsaq,GL,2021-04-06 20:03:49,60.9167,-46.05,35.6,87,75,5.75
103,Bethel,US,2021-04-06 20:02:00,41.3712,-73.414,64.4,25,1,11.5
104,Matara,LK,2021-04-06 20:04:28,5.9485,80.5353,76.44,87,3,5.95
105,Barrow,US,2021-04-06 20:01:42,71.2906,-156.7887,-5.8,77,1,10.36
106,Kruisfontein,ZA,2021-04-06 20:03:39,-34.0033,24.7314,61.0,88,23,1.99
107,Mulchen,CL,2021-04-06 20:04:28,-37.7167,-72.2333,59.0,88,90,2.3
108,Half Moon Bay,US,2021-04-06 20:02:26,37.4636,-122.4286,64.0,76,90,8.05
109,Sistranda,NO,2021-04-06 20:04:29,63.7256,8.834,37.4,81,75,19.57
110,Pangai,TO,2021-04-06 20:04:29,-19.8,-174.35,71.6,88,20,5.75
111,Atambua,ID,2021-04-06 20:02:06,-9.1061,124.8925,72.73,85,90,1.54
112,Masuda,JP,2021-04-06 20:04:29,34.6667,131.85,44.6,65,20,5.75
113,Airai,TL,2021-04-06 20:03:09,-8.9266,125.4092,59.7,85,74,0.81
114,Villiers,ZA,2021-04-06 20:04:30,-27.0303,28.6006,57.96,88,100,4.81
115,Jackson,US,2021-04-06 20:04:30,42.4165,-122.8345,66.0,33,1,2.57
116,Ahuimanu,US,2021-04-06 20:04:31,21.4447,-157.8378,77.0,56,75,17.27
117,Aklavik,CA,2021-04-06 20:02:55,68.2191,-135.0107,-0.4,65,90,2.3
118,Rawson,AR,2021-04-06 20:00:51,-43.3002,-65.1023,62.6,94,90,13.8
119,Pisco,PE,2021-04-06 20:04:31,-13.7,-76.2167,82.4,51,0,13.8
120,Saldanha,ZA,2021-04-06 20:02:20,-33.0117,17.9442,64.4,52,4,4.61
121,Castro,BR,2021-04-06 20:01:01,-24.7911,-50.0119,66.15,84,70,4.34
122,Lubango,AO,2021-04-06 20:04:32,-14.9172,13.4925,65.37,60,98,2.42
123,Huangyan,CN,2021-04-06 20:04:32,28.6478,121.2594,55.99,89,41,1.36
124,Torbay,CA,2021-04-06 20:03:19,47.6666,-52.7314,39.0,100,90,8.05
125,Zhigansk,RU,2021-04-06 20:02:29,66.7697,123.3711,-12.64,99,93,9.84
126,Camacha,PT,2021-04-06 20:03:20,33.0833,-16.3333,64.4,72,20,6.91
127,Doha,QA,2021-04-06 20:04:33,25.2867,51.5333,69.8,46,0,6.91
128,Altamira,BR,2021-04-06 20:04:33,-3.2033,-52.2064,91.4,55,40,2.3
129,Watsa,CD,2021-04-06 20:04:33,3.0372,29.5355,64.58,91,100,1.7
130,Salinopolis,BR,2021-04-06 20:04:34,-0.6136,-47.3561,82.53,78,72,10.18
131,Boone,US,2021-04-06 20:04:34,39.0334,-92.3335,80.6,39,20,13.8
132,Nome,US,2021-04-06 20:04:34,64.5011,-165.4064,10.4,56,1,8.05
133,Ribeira Grande,PT,2021-04-06 20:02:27,38.5167,-28.7,64.4,72,20,10.36
134,Vaini,TO,2021-04-06 20:02:41,-21.2,-175.2,71.6,88,75,5.75
135,Chibombo,ZM,2021-04-06 20:04:35,-14.6569,28.0706,61.75,82,6,5.23
136,Hachinohe,JP,2021-04-06 20:02:31,40.5,141.5,36.0,84,100,1.01
137,Oriximina,BR,2021-04-06 20:04:35,-1.7656,-55.8661,87.12,61,100,4.29
138,Tomatlan,MX,2021-04-06 20:04:36,19.9333,-105.25,88.5,35,0,11.43
139,Victoria,HK,2021-04-06 19:59:05,22.2855,114.1577,73.0,83,87,1.01
140,Kungurtug,RU,2021-04-06 20:04:36,50.5994,97.5228,23.18,89,5,2.15
141,Rovaniemi,FI,2021-04-06 20:01:46,66.5,25.7167,28.4,100,40,6.91
142,Port Lincoln,AU,2021-04-06 20:04:37,-34.7333,135.8667,62.71,81,0,7.81
143,Santa Cruz Del Sur,CU,2021-04-06 20:04:37,20.7147,-77.9956,83.57,49,49,1.34
144,Palmerston,AU,2021-04-06 20:04:37,-12.486,130.9833,78.8,89,90,4.61
145,Esperance,AU,2021-04-06 20:03:01,-33.8667,121.9,64.4,94,90,5.75
146,Yerbogachen,RU,2021-04-06 20:04:38,61.2767,108.0108,33.69,92,100,6.31
147,Port Alfred,ZA,2021-04-06 20:02:07,-33.5906,26.891,65.88,83,13,18.92
148,Tuatapere,NZ,2021-04-06 20:04:38,-46.1333,167.6833,55.0,83,96,8.99
149,Kiruna,SE,2021-04-06 20:03:14,67.8557,20.2251,32.0,74,90,19.57
150,Kirakira,SB,2021-04-06 20:04:39,-10.4544,161.9205,79.05,87,73,12.15
151,Mitu,CO,2021-04-06 20:04:39,1.1983,-70.1733,79.23,89,75,1.41
152,Qaanaaq,GL,2021-04-06 20:02:19,77.484,-69.3632,3.92,82,100,1.66
153,Marawi,PH,2021-04-06 20:04:39,7.9986,124.2928,77.0,86,100,3.0
154,Richards Bay,ZA,2021-04-06 19:59:57,-28.783,32.0377,69.04,93,56,5.68
155,Xichang,CN,2021-04-06 20:04:40,27.8964,102.2634,55.15,82,95,1.07
156,Saint Anthony,US,2021-04-06 20:02:03,45.0205,-93.218,69.8,43,1,9.22
157,Olafsvik,IS,2021-04-06 20:02:12,64.8945,-23.7142,27.57,64,60,4.07
158,Tobol,KZ,2021-04-06 20:04:40,52.6844,62.5794,32.97,98,100,11.18
159,Mogadishu,SO,2021-04-06 20:04:10,2.0371,45.3438,82.45,71,7,14.83
160,Bucerias,MX,2021-04-06 20:01:49,20.75,-105.3333,80.6,69,1,12.66
161,Baherden,TM,2021-04-06 20:04:41,38.4362,57.4316,69.71,27,100,3.96
162,Uzhur,RU,2021-04-06 20:04:41,55.3036,89.8339,33.85,91,100,4.92
163,Suluq,LY,2021-04-06 20:04:42,31.6682,20.2521,60.98,69,0,9.19
164,Kenai,US,2021-04-06 20:03:50,60.5544,-151.2583,24.8,36,1,5.86
165,Dingle,PH,2021-04-06 20:03:45,10.9995,122.6711,74.59,89,92,7.0
166,Saint George,US,2021-04-06 20:00:20,37.1041,-113.5841,69.01,9,1,3.44
167,Padang,ID,2021-04-06 20:00:40,-0.9492,100.3543,77.0,94,40,3.44
168,Sinegorye,RU,2021-04-06 20:04:42,62.0788,150.477,0.48,98,100,2.17
169,Henties Bay,NA,2021-04-06 20:02:40,-22.116,14.2845,64.8,77,0,9.55
170,Denia,ES,2021-04-06 20:04:43,38.8408,0.1057,62.01,85,38,5.01
171,Tocopilla,CL,2021-04-06 20:04:43,-22.092,-70.1979,73.36,72,21,14.72
172,Hargeysa,SO,2021-04-06 20:04:05,9.56,44.065,67.23,37,84,7.4
173,Lorengau,PG,2021-04-06 20:02:15,-2.0226,147.2712,81.05,78,85,7.72
174,Fushun,CN,2021-04-06 20:04:44,41.8558,123.9233,46.4,19,0,13.42
175,Margate,GB,2021-04-06 20:04:44,51.3813,1.3862,37.99,53,35,8.01
176,Nemuro,JP,2021-04-06 20:04:44,43.3236,145.575,33.21,73,100,6.8
177,Sur,OM,2021-04-06 20:04:45,22.5667,59.5289,81.34,30,0,3.38
178,Snasa,NO,2021-04-06 20:04:45,64.2457,12.3778,39.2,70,75,10.36
179,Bandarbeyla,SO,2021-04-06 20:02:41,9.4942,50.8122,79.02,60,100,11.01
180,Lebu,CL,2021-04-06 20:02:29,-37.6167,-73.65,58.37,87,100,8.88
181,Northam,GB,2021-04-06 20:04:46,51.0333,-4.2167,39.99,70,63,17.0
182,Gloucester,GB,2021-04-06 20:00:33,51.8657,-2.2431,33.01,85,82,1.99
183,Nichinan,JP,2021-04-06 20:02:16,31.6,131.3667,53.29,77,30,4.85
184,Tiksi,RU,2021-04-06 20:02:31,71.6872,128.8694,-14.39,99,40,6.17
185,Ponta Do Sol,PT,2021-04-06 20:04:46,32.6667,-17.1,62.01,67,18,5.01
186,East London,ZA,2021-04-06 20:02:25,-33.0153,27.9116,66.25,82,97,16.69
187,Tombouctou,ML,2021-04-06 20:04:47,20.0,-3.0,84.81,7,7,8.3
188,Butaritari,KI,2021-04-06 20:03:28,3.0707,172.7902,79.81,75,100,2.77
189,Aleksandrovsk-Sakhalinskiy,RU,2021-04-06 20:04:47,50.8975,142.1561,28.36,92,27,6.69
190,Hami,CN,2021-04-06 20:04:48,42.8,93.45,57.43,25,58,5.91
191,Shingu,JP,2021-04-06 20:04:48,33.7333,135.9833,48.92,91,77,4.12
192,Rosetta,EG,2021-04-06 20:04:48,31.4044,30.4164,68.0,77,0,2.3
193,Avarua,CK,2021-04-06 20:02:38,-21.2078,-159.775,82.4,69,40,14.97
194,Baghdad,IQ,2021-04-06 20:02:59,33.3406,44.4009,68.0,40,0,4.61
195,Nouadhibou,MR,2021-04-06 20:02:29,20.931,-17.0347,68.0,73,0,17.27
196,Bengkulu,ID,2021-04-06 20:02:03,-3.8004,102.2655,74.26,88,100,4.68
197,Santa Rosa,PH,2021-04-06 20:04:49,14.3122,121.1114,82.0,73,20,3.44
198,Vila Franca Do Campo,PT,2021-04-06 20:04:49,37.7167,-25.4333,62.6,88,40,5.75
199,Broome,US,2021-04-06 20:02:12,42.2506,-75.833,60.8,12,1,11.5
200,Provideniya,RU,2021-04-06 20:02:01,64.3833,-173.3,4.91,77,2,4.47
201,Venkatagiri,IN,2021-04-06 20:04:50,13.9667,79.5833,75.6,82,9,4.38
202,Karratha,AU,2021-04-06 20:04:50,-20.7377,116.8463,80.56,57,2,6.31
203,Megion,RU,2021-04-06 20:04:50,61.0296,76.1136,32.0,100,90,11.18
204,Kaitangata,NZ,2021-04-06 20:02:34,-46.2817,169.8464,55.0,83,100,1.99
205,Podor,MR,2021-04-06 20:04:51,16.6527,-14.9587,102.2,15,0,2.3
206,Longyearbyen,SJ,2021-04-06 20:02:09,78.2186,15.6401,8.6,52,40,10.36
207,Roald,NO,2021-04-06 20:04:51,62.5833,6.1333,39.2,75,75,14.97
208,Ketchikan,US,2021-04-06 20:04:52,55.3422,-131.6461,37.4,93,75,17.27
209,Puerto Escondido,MX,2021-04-06 20:04:52,15.85,-97.0667,87.8,70,90,6.91
210,Bloomingdale,US,2021-04-06 20:04:52,27.8936,-82.2404,82.4,34,75,9.28
211,Fuyu,CN,2021-04-06 20:04:53,45.1833,124.8167,29.88,26,0,6.53
212,Port Keats,AU,2021-04-06 20:04:53,-14.25,129.55,76.57,82,45,2.21
213,Codrington,AU,2021-04-06 20:04:53,-38.2667,141.9667,50.86,93,24,5.06
214,Saint-Augustin,CA,2021-04-06 20:03:06,51.226,-58.6502,40.46,99,100,15.28
215,Cayenne,GF,2021-04-06 20:03:03,4.9333,-52.3333,81.0,94,75,4.61
216,Yar-Sale,RU,2021-04-06 20:04:54,66.8333,70.8333,26.04,93,100,13.47
217,Honiara,SB,2021-04-06 20:03:05,-9.4333,159.95,76.8,94,100,6.6
218,Bhawanipatna,IN,2021-04-06 20:04:54,19.9,83.1667,78.75,54,5,5.66
219,Ilulissat,GL,2021-04-06 20:03:27,69.2167,-51.1,21.2,79,90,6.91
220,Maceio,BR,2021-04-06 20:02:47,-9.6658,-35.7353,80.6,74,40,9.22
221,San Patricio,US,2021-04-06 20:02:36,28.017,-97.5169,81.0,69,75,28.77
222,Kropotkin,RU,2021-04-06 20:04:55,45.4375,40.5756,48.72,66,79,9.91
223,Port Hedland,AU,2021-04-06 20:04:55,-20.3167,118.5667,73.4,73,7,6.91
224,Gulabpura,IN,2021-04-06 20:04:55,25.9,74.6667,85.73,14,0,16.67
225,Acapulco,MX,2021-04-06 20:04:56,16.8634,-99.8901,87.8,58,20,10.36
226,Pangnirtung,CA,2021-04-06 20:02:19,66.1451,-65.7125,8.6,78,20,3.44
227,Buchanan,LR,2021-04-06 20:04:56,5.8808,-10.0467,82.4,83,75,5.37
228,Petropavlovka,RU,2021-04-06 20:04:56,50.6114,105.3196,39.22,61,56,2.71
229,Manga,BF,2021-04-06 20:04:57,11.6636,-1.0731,93.11,14,100,5.28
230,La Ronge,CA,2021-04-06 20:04:57,55.1001,-105.2842,48.2,37,63,3.44
231,Shache,CN,2021-04-06 20:04:57,38.4167,77.2406,44.08,83,100,15.88
232,Ipixuna,BR,2021-04-06 20:04:58,-1.7625,-48.8043,84.2,79,20,10.36
233,Alekseyevka,RU,2021-04-06 20:04:58,50.6309,38.6903,43.27,73,8,7.61
234,Adilabad,IN,2021-04-06 20:04:58,19.6667,78.5333,88.48,18,4,6.8
235,Oxbow,CA,2021-04-06 20:04:59,49.2333,-102.1676,57.0,27,100,3.0
236,Goderich,CA,2021-04-06 20:02:38,43.7501,-81.7165,68.0,42,100,10.36
237,Nizhniy Tsasuchey,RU,2021-04-06 20:04:59,50.5167,115.1333,31.75,59,47,5.17
238,Coquimbo,CL,2021-04-06 20:02:22,-29.9533,-71.3436,68.0,60,0,13.8
239,Turukhansk,RU,2021-04-06 20:05:00,65.8167,87.9833,33.17,98,100,11.41
240,Sitka,US,2021-04-06 20:05:00,57.0531,-135.33,35.6,87,90,11.5
241,Basse-Pointe,MQ,2021-04-06 20:05:00,14.8695,-61.115,86.0,62,40,12.66
242,Zhanaozen,KZ,2021-04-06 20:05:00,43.3,52.8,47.95,44,2,15.43
243,Khuzhir,RU,2021-04-06 20:05:01,53.1939,107.3397,26.11,87,49,3.38
244,Batemans Bay,AU,2021-04-06 20:00:09,-35.7167,150.1833,64.0,97,59,1.01
245,Melilla,ES,2021-04-06 20:03:11,35.2937,-2.9383,62.6,77,0,5.75
246,Tual,ID,2021-04-06 20:05:01,-5.6667,132.75,83.79,70,97,5.44
247,Szczytno,PL,2021-04-06 20:05:02,53.5626,20.9875,28.4,86,0,3.44
248,Lensk,RU,2021-04-06 20:05:02,60.7253,114.9278,24.08,97,100,3.53
249,Bandrele,YT,2021-04-06 20:05:02,-12.9067,45.1914,82.4,69,0,13.8
250,Sheregesh,RU,2021-04-06 20:05:03,52.9209,87.9869,34.21,99,100,1.95
251,Kudahuvadhoo,MV,2021-04-06 20:05:03,2.6708,72.8944,84.27,60,100,2.75
252,Csorna,HU,2021-04-06 20:05:03,47.6115,17.2501,32.0,69,0,8.32
253,Sao Joao Da Barra,BR,2021-04-06 20:02:13,-21.6403,-41.0511,82.4,57,40,16.11
254,Petrovsk,RU,2021-04-06 20:05:04,52.3064,45.3917,33.84,96,100,10.29
255,Karatau,KZ,2021-04-06 20:05:04,43.1667,70.4667,45.07,79,3,3.78
256,Labuhan,ID,2021-04-06 20:05:04,-6.8844,112.2051,78.48,86,97,8.08
257,Antofagasta,CL,2021-04-06 20:02:39,-23.65,-70.4,66.2,77,20,14.97
258,Mount Isa,AU,2021-04-06 20:00:51,-20.7333,139.5,75.2,50,12,3.44
259,Faro,PT,2021-04-06 20:04:48,37.0194,-7.9322,64.4,82,0,3.44
260,Valdivia,CL,2021-04-06 20:05:05,-39.8142,-73.2459,60.8,88,90,10.36
261,Dubai,AE,2021-04-06 20:04:24,25.2582,55.3047,77.0,73,0,4.61
262,Caborca,MX,2021-04-06 20:05:06,30.5838,-111.101,88.0,11,47,8.01
263,Wajima,JP,2021-04-06 20:05:06,37.4,136.9,48.04,70,97,6.31
264,Lompoc,US,2021-04-06 20:03:24,34.6391,-120.4579,63.0,63,89,12.66
265,Ponazyrevo,RU,2021-04-06 20:05:06,58.3578,46.3142,32.9,92,95,9.78
266,Beringovskiy,RU,2021-04-06 20:03:21,63.05,179.3167,-6.47,87,13,5.75
267,Fez,MA,2021-04-06 20:00:26,34.0372,-4.9998,62.6,72,0,3.44
268,Ambilobe,MG,2021-04-06 20:03:47,-13.2,49.05,75.38,93,100,2.57
269,Omsukchan,RU,2021-04-06 20:05:07,62.5333,155.8,4.5,95,100,2.19
270,Port Macquarie,AU,2021-04-06 20:05:07,-31.4333,152.9167,66.0,100,75,3.44
271,Georgetown,MY,2021-04-06 20:01:27,5.4112,100.3354,78.8,94,20,1.14
272,Sisimiut,GL,2021-04-06 20:05:08,66.9395,-53.6735,23.5,77,71,3.65
273,Grand Gaube,MU,2021-04-06 20:05:08,-20.0064,57.6608,78.01,83,64,5.99
274,Tokmak,UA,2021-04-06 20:03:24,47.2514,35.7058,46.06,91,97,13.89
275,Rio Grande,BR,2021-04-06 20:01:02,-32.035,-52.0986,80.6,69,40,11.5
276,Carnduff,CA,2021-04-06 20:05:09,49.1667,-101.8009,57.0,27,100,3.0
277,Wucheng,CN,2021-04-06 20:05:09,29.6008,118.175,58.32,84,100,2.89
278,Nanortalik,GL,2021-04-06 20:02:52,60.1432,-45.2371,34.86,97,100,6.24
279,Seydi,TM,2021-04-06 20:05:09,39.4816,62.9137,60.75,41,48,6.4
280,Kapitanivka,UA,2021-04-06 20:05:10,48.9172,31.7167,42.42,79,77,13.62
281,Cabo San Lucas,MX,2021-04-06 19:58:52,22.8909,-109.9124,78.8,61,1,6.91
282,Port Elizabeth,ZA,2021-04-06 20:02:31,-33.918,25.5701,62.6,88,0,6.91
283,Yeppoon,AU,2021-04-06 20:05:11,-23.1333,150.7333,71.6,94,90,3.44
284,Westport,US,2021-04-06 20:05:11,41.1415,-73.3579,66.2,26,1,18.41
285,Mount Gambier,AU,2021-04-06 20:03:28,-37.8333,140.7667,48.2,100,13,5.75
286,Juneau,US,2021-04-06 20:00:45,58.3019,-134.4197,35.6,87,90,9.22
287,Port-Gentil,GA,2021-04-06 20:02:14,-0.7193,8.7815,77.0,94,90,9.22
288,Balykshi,KZ,2021-04-06 20:05:11,47.0667,51.8667,44.6,81,0,15.66
289,San Andres,CO,2021-04-06 20:01:22,12.5847,-81.7006,84.2,65,75,11.5
290,Vallenar,CL,2021-04-06 20:05:12,-28.5708,-70.7581,84.58,26,0,8.37
291,Jiaozuo,CN,2021-04-06 20:05:12,35.2397,113.2331,55.81,50,100,2.17
292,Ventspils,LV,2021-04-06 20:05:12,57.3894,21.5606,37.4,93,75,17.27
293,El Alto,PE,2021-04-06 20:05:13,-4.2714,-81.2147,82.4,61,0,6.91
294,Roebourne,AU,2021-04-06 20:05:13,-20.7833,117.1333,80.53,58,4,6.17
295,Palmer,US,2021-04-06 20:05:13,42.1584,-72.3287,68.0,26,20,13.8
296,Minas De Barroteran,MX,2021-04-06 20:04:17,27.6333,-101.2833,93.47,22,1,12.03
297,Praia,CV,2021-04-06 20:05:14,14.9215,-23.5087,77.0,41,0,23.02
298,Rosendal,NO,2021-04-06 20:05:14,59.9867,6.0135,36.0,84,100,4.0
299,Jijiga,ET,2021-04-06 20:05:14,9.35,42.8,64.65,36,15,8.59
300,Lata,PT,2021-04-06 20:05:15,40.1629,-8.3327,57.99,92,38,1.16
301,Bintulu,MY,2021-04-06 20:03:08,3.1667,113.0333,75.2,100,40,3.44
302,Fortuna,US,2021-04-06 20:02:25,40.5982,-124.1573,57.99,82,20,13.8
303,Mantua,IT,2021-04-06 20:05:15,45.1667,10.7833,37.99,86,87,1.01
304,Petropavlovsk-Kamchatskiy,RU,2021-04-06 20:05:16,53.0452,158.6483,21.2,73,6,8.95
305,Kaseda,JP,2021-04-06 20:05:16,31.4167,130.3167,55.31,56,75,13.11
306,Jumla,NP,2021-04-06 20:05:16,29.2747,82.1838,45.66,62,14,5.88
307,Ambulu,ID,2021-04-06 20:05:17,-8.345,113.6058,75.24,93,100,2.39
308,Laguna,US,2021-04-06 20:05:17,38.421,-121.4238,71.01,43,1,3.6
309,Kahului,US,2021-04-06 20:05:17,20.8947,-156.47,75.2,69,40,20.71
310,Saint-Francois,FR,2021-04-06 20:03:26,46.4154,3.9054,36.0,51,0,3.44
311,Manavgat,TR,2021-04-06 20:05:18,36.7867,31.4431,59.0,77,75,5.75
312,Porto Walter,BR,2021-04-06 20:05:18,-8.2686,-72.7439,81.19,82,62,3.11
313,Grindavik,IS,2021-04-06 20:03:00,63.8424,-22.4338,26.6,59,0,8.05
314,Harper,LR,2021-04-06 20:05:18,4.375,-7.7169,80.55,85,65,4.76
315,Najran,SA,2021-04-06 20:02:04,17.4924,44.1277,71.6,23,8,4.61
316,Mecca,SA,2021-04-06 20:00:10,21.4267,39.8261,80.33,45,2,3.24
317,Andenes,NO,2021-04-06 20:05:19,69.3143,16.1194,33.8,80,75,28.77
318,Byron Bay,AU,2021-04-06 20:03:43,-28.65,153.6167,69.8,94,75,9.22
319,Dunedin,NZ,2021-04-06 19:59:33,-45.8742,170.5036,55.99,78,59,3.0
320,Eureka,US,2021-04-06 20:03:49,40.8021,-124.1637,59.0,70,0,5.01
321,Igarka,RU,2021-04-06 20:05:19,67.4667,86.5833,33.24,98,100,7.61
322,Beni,CD,2021-04-06 20:05:20,0.5,29.4667,63.5,96,58,2.55
323,Raudeberg,NO,2021-04-06 20:05:20,61.9875,5.1352,39.0,86,86,23.98
324,Teya,RU,2021-04-06 20:05:20,60.3778,92.6267,34.41,93,100,9.66
325,Pacific Grove,US,2021-04-06 20:02:12,36.6177,-121.9166,57.2,67,1,10.36
326,Kulhudhuffushi,MV,2021-04-06 20:05:21,6.6221,73.07,83.16,71,5,6.42
327,Khani,GE,2021-04-06 20:05:21,41.9563,42.9566,51.8,87,0,14.97
328,Anloga,GH,2021-04-06 20:05:21,5.7947,0.8973,84.2,84,20,12.66
329,Merauke,ID,2021-04-06 20:03:12,-8.4667,140.3333,79.57,83,100,6.22
330,Gra Liyia,GR,2021-04-06 20:05:22,35.0167,25.6833,61.0,73,4,7.65
331,Melville,US,2021-04-06 20:01:39,40.7934,-73.4151,66.99,15,1,10.36
332,San Miguel,SV,2021-04-06 20:05:22,13.4833,-88.1833,96.8,38,20,2.3
333,Bacolod,PH,2021-04-06 20:05:23,10.6667,122.95,77.27,80,99,10.67
334,Beloha,MG,2021-04-06 20:05:23,-25.1667,45.05,70.86,78,53,8.41
335,Preili,LV,2021-04-06 20:05:23,56.2944,26.7246,32.04,87,92,7.49
336,Coihaique,CL,2021-04-06 20:05:23,-45.5752,-72.0662,59.0,67,75,8.05
337,Ayan,RU,2021-04-06 20:05:24,56.45,138.1667,19.54,91,100,17.18
338,Bukit Mertajam,MY,2021-04-06 20:05:24,5.363,100.4667,78.8,94,20,1.14
339,Lake City,US,2021-04-06 20:05:24,30.1897,-82.6393,82.0,33,75,4.61
340,Savantvadi,IN,2021-04-06 20:05:25,15.9,73.8167,84.2,84,20,3.44
341,Qaqortoq,GL,2021-04-06 20:05:25,60.7167,-46.0333,35.6,87,75,5.75
342,Adre,TD,2021-04-06 20:05:25,13.4667,22.2,82.81,11,0,9.66
343,Bentonville,US,2021-04-06 20:03:52,36.3728,-94.2088,73.4,60,90,18.41
344,Wasilla,US,2021-04-06 20:05:26,61.5814,-149.4394,24.8,36,1,6.91
345,Nuuk,GL,2021-04-06 20:05:26,64.1835,-51.7216,26.6,93,75,13.8
346,Turan,VN,2021-04-06 20:05:26,16.0678,108.2208,77.0,88,20,1.14
347,Bandar-E Lengeh,IR,2021-04-06 20:05:27,26.5579,54.8807,76.57,49,0,8.9
348,Zhuhai,CN,2021-04-06 20:05:27,22.2769,113.5678,75.99,83,40,11.5
349,Albufeira,PT,2021-04-06 20:05:27,37.0882,-8.2503,64.4,82,0,3.44
350,Vuktyl,RU,2021-04-06 20:05:28,63.8567,57.3094,32.27,95,91,7.25
351,Visby,SE,2021-04-06 20:05:28,57.6409,18.296,39.0,70,90,18.41
352,Lincoln,US,2021-04-06 20:02:30,40.8,-96.667,73.4,56,75,28.77
353,Ukiah,US,2021-04-06 20:05:28,39.1502,-123.2078,70.0,43,1,6.91
354,Mabaruma,GY,2021-04-06 20:05:29,8.2,-59.7833,80.65,81,100,5.86
355,Chilca,PE,2021-04-06 20:05:29,-12.5211,-76.7372,77.0,65,0,11.5
356,Neepawa,CA,2021-04-06 20:02:39,50.2289,-99.4664,55.4,28,75,5.75
357,Opuwo,NA,2021-04-06 20:05:30,-18.0607,13.84,75.0,42,41,3.44
358,Owando,CG,2021-04-06 20:05:30,-0.4819,15.8999,75.09,87,40,2.04
359,Ust-Kuyga,RU,2021-04-06 20:05:30,70.0167,135.6,-23.62,99,95,4.16
360,Qasigiannguit,GL,2021-04-06 20:05:31,68.8193,-51.1922,21.2,79,90,6.91
361,Prado,BR,2021-04-06 20:05:31,-17.3411,-39.2208,78.39,67,2,8.01
362,Maputo,MZ,2021-04-06 20:04:13,-25.9653,32.5892,75.99,64,20,5.75
363,Abonnema,NG,2021-04-06 20:02:02,4.7084,6.7931,75.2,94,75,3.44
364,Mareeba,AU,2021-04-06 20:02:29,-17.0,145.4333,73.99,94,90,3.44
365,Kensington,AU,2021-04-06 20:05:32,-33.9167,151.2167,69.8,88,40,9.22
366,Sorland,NO,2021-04-06 20:05:32,67.667,12.6934,33.8,80,75,18.41
367,Murray Bridge,AU,2021-04-06 20:05:32,-35.1167,139.2667,54.0,99,0,2.46
368,Klaksvik,FO,2021-04-06 20:03:57,62.2266,-6.589,28.4,64,40,23.02
369,Bonthe,SL,2021-04-06 20:05:33,7.5264,-12.505,80.71,80,31,7.27
370,Outjo,NA,2021-04-06 20:05:33,-20.1167,16.15,69.91,57,64,4.59
371,Dese,ET,2021-04-06 20:05:33,11.1333,39.6333,53.46,40,9,2.68
372,Ewa Beach,US,2021-04-06 20:05:34,21.3156,-158.0072,77.0,50,1,12.66
373,Hamilton,US,2021-04-06 20:03:44,39.1834,-84.5333,77.0,41,20,10.36
374,Caraballeda,VE,2021-04-06 20:05:34,10.6112,-66.8522,84.2,74,40,2.3
375,Tura,IN,2021-04-06 20:05:35,25.5198,90.2201,75.81,21,51,4.59
376,Bathsheba,BB,2021-04-06 20:02:28,13.2167,-59.5167,84.2,58,40,17.27
377,Chingola,ZM,2021-04-06 20:05:35,-12.529,27.8838,59.95,94,91,4.21
378,Anori,BR,2021-04-06 20:05:35,-3.7728,-61.6442,80.6,87,100,2.08
379,Sulat,PH,2021-04-06 20:05:36,11.8103,125.4544,76.98,85,51,9.1
380,Vitim,RU,2021-04-06 20:05:36,59.4511,112.5578,31.23,98,100,5.28
381,Vardo,NO,2021-04-06 20:02:35,70.3705,31.1107,33.8,69,75,21.85
382,Mulege,MX,2021-04-06 20:05:36,26.8833,-111.9833,88.75,32,4,9.37
383,Sao Filipe,CV,2021-04-06 20:03:10,14.8961,-24.4956,76.68,59,0,10.33
384,Aromashevo,RU,2021-04-06 20:05:37,56.8602,68.6375,31.15,94,40,10.74
385,Fuente De Oro,CO,2021-04-06 20:05:37,3.4594,-73.6128,79.18,75,99,1.25
386,Shieli,KZ,2021-04-06 20:04:26,44.1667,66.75,54.91,52,1,7.9
387,Acarau,BR,2021-04-06 20:05:38,-2.8856,-40.12,82.2,75,100,14.12
388,Thinadhoo,MV,2021-04-06 20:05:38,0.5333,72.9333,84.07,60,95,7.47
389,Sotouboua,TG,2021-04-06 20:05:38,8.5667,0.9833,87.91,41,100,5.86
390,Senador Jose Porfirio,BR,2021-04-06 20:05:39,-2.5908,-51.9542,82.62,74,100,3.15
391,Barga,IT,2021-04-06 20:05:39,44.0742,10.4808,43.0,85,100,35.68
392,Jaroslaw,PL,2021-04-06 20:05:39,50.0162,22.6778,32.0,99,100,5.86
393,Yulara,AU,2021-04-06 20:03:44,-25.2406,130.9889,64.4,48,2,6.91
394,Semporna,MY,2021-04-06 20:05:40,4.4818,118.6112,77.0,94,40,5.88
395,Baykit,RU,2021-04-06 20:05:40,61.67,96.37,36.18,99,100,3.71
396,Gornyak,RU,2021-04-06 20:05:19,50.9942,81.4661,35.29,98,100,7.63
397,Deputatskiy,RU,2021-04-06 20:05:40,69.3,139.9,-19.98,99,94,3.83
398,Taltal,CL,2021-04-06 20:01:07,-25.4,-70.4833,70.75,72,31,8.32
399,Ostersund,SE,2021-04-06 20:05:41,63.1792,14.6357,35.01,75,75,18.41
400,Naze,JP,2021-04-06 20:05:41,28.3667,129.4833,61.86,56,1,21.88
401,Faya,SA,2021-04-06 20:05:42,18.3851,42.4509,68.0,48,16,3.44
402,Leshukonskoye,RU,2021-04-06 20:05:42,64.8989,45.7622,38.19,82,99,13.82
403,Kaeo,NZ,2021-04-06 20:05:42,-35.1,173.7833,57.99,96,100,1.99
404,Te Anau,NZ,2021-04-06 20:02:27,-45.4167,167.7167,45.57,92,26,0.76
405,Mpongwe,ZM,2021-04-06 20:05:43,-13.5091,28.155,61.97,78,99,5.82
406,Deltona,US,2021-04-06 20:01:46,28.9005,-81.2637,80.6,28,20,3.44
407,Flin Flon,CA,2021-04-06 20:02:31,54.7682,-101.865,46.4,42,90,5.75
408,Taksimo,RU,2021-04-06 20:05:43,56.3444,114.8794,12.56,92,90,2.08
409,Pangody,RU,2021-04-06 20:05:43,65.85,74.4859,31.15,92,100,12.62
410,Havre-Saint-Pierre,CA,2021-04-06 20:05:44,50.2334,-63.5986,51.8,71,90,19.57
411,Iskateley,RU,2021-04-06 20:05:44,67.6803,53.1512,33.46,84,56,15.88
412,Kralendijk,BQ,2021-04-06 20:05:44,12.15,-68.2667,84.2,70,40,18.41
413,Ilek,RU,2021-04-06 20:05:45,51.5271,53.3831,35.51,92,100,11.05
414,Tarsus,TR,2021-04-06 20:05:45,36.9188,34.8784,62.6,59,0,6.91
415,Madimba,TZ,2021-04-06 20:05:45,-10.4,40.3333,75.2,88,40,11.5
416,Prince Rupert,CA,2021-04-06 20:05:46,54.3161,-130.3201,41.0,93,90,11.5
417,Ciudad Bolivar,VE,2021-04-06 20:05:46,8.1222,-63.5497,88.86,47,100,8.05
418,Viedma,AR,2021-04-06 20:05:46,-40.8135,-62.9967,85.91,34,100,19.69
419,Yichang,CN,2021-04-06 20:05:47,30.7144,111.2847,52.0,87,100,1.34
420,Mayo,US,2021-04-06 20:02:37,38.8876,-76.5119,71.01,51,1,9.22
421,Petapa,GT,2021-04-06 20:05:47,14.5028,-90.5517,80.6,41,40,6.91
422,Alofi,NU,2021-04-06 20:05:47,-19.0595,-169.9187,80.6,89,75,4.61
423,Sinop,TR,2021-04-06 20:05:48,41.7711,34.8709,57.38,48,100,9.37
424,Seoul,KR,2021-04-06 20:01:46,37.5683,126.9778,46.4,87,0,2.3
425,Novyy Urengoy,RU,2021-04-06 20:05:48,66.0833,76.6333,29.84,93,100,14.92
426,Gao,ML,2021-04-06 20:02:10,16.6362,1.637,88.52,7,44,10.49
427,Raga,SS,2021-04-06 20:05:48,8.4596,25.678,83.79,14,30,3.53
428,Buraydah,SA,2021-04-06 20:03:05,26.326,43.975,77.0,19,0,9.22
429,Dalbandin,PK,2021-04-06 20:05:49,28.8947,64.4101,65.19,12,0,3.04
430,Pringsewu,ID,2021-04-06 20:05:49,-5.3582,104.9744,73.42,89,100,3.15
431,Novy Malin,CZ,2021-04-06 20:05:50,49.9426,17.0319,24.01,91,14,2.64
432,Severo-Kurilsk,RU,2021-04-06 20:02:16,50.6789,156.125,25.66,75,19,16.96
433,Ixtapa,MX,2021-04-06 20:02:27,20.7,-105.2,80.6,69,1,12.66
434,Isangel,VU,2021-04-06 20:02:53,-19.55,169.2667,76.82,79,78,11.88
435,Fare,PF,2021-04-06 20:05:50,-16.7,-151.0167,80.37,62,80,10.92
436,Cassilandia,BR,2021-04-06 20:05:51,-19.1133,-51.7342,81.34,53,78,9.4
437,Amuntai,ID,2021-04-06 20:05:51,-2.4177,115.2494,72.97,97,94,0.49
438,Fuerte Olimpo,PY,2021-04-06 20:05:51,-21.0415,-57.8738,88.43,41,100,6.08
439,Xai-Xai,MZ,2021-04-06 20:02:51,-25.0519,33.6442,69.82,73,0,6.13
440,Fuling,CN,2021-04-06 20:05:52,29.7022,107.3919,58.53,97,100,2.21
441,Melipilla,CL,2021-04-06 20:05:52,-33.7,-71.2167,80.01,55,0,12.66
442,Rudnichnyy,RU,2021-04-06 20:05:52,59.617,52.4703,30.74,95,61,5.39
443,Shubarkuduk,KZ,2021-04-06 20:05:53,49.1447,56.4872,45.54,54,100,12.01
444,Joao Pinheiro,BR,2021-04-06 20:05:53,-17.7425,-46.1725,75.18,67,100,5.55
445,Ocampo,MX,2021-04-06 20:05:53,21.65,-101.5,77.07,18,33,17.36
446,Nishihara,JP,2021-04-06 20:05:53,26.1842,127.7558,66.2,72,40,8.05
447,Kavaratti,IN,2021-04-06 20:02:04,10.5669,72.642,83.05,75,32,10.02
448,Putina,PE,2021-04-06 20:05:54,-15.4667,-69.4333,49.41,65,44,8.46
449,Toamasina,MG,2021-04-06 20:05:54,-18.1667,49.3833,78.8,94,75,4.61
450,Atasu,KZ,2021-04-06 20:05:54,48.6814,71.6433,38.19,95,84,1.9
451,Leningradskiy,RU,2021-04-06 20:03:34,69.3833,178.4167,-11.88,93,64,5.59
452,Tiznit,MA,2021-04-06 20:05:55,29.5833,-9.5,58.42,78,100,6.13
453,Qostanay,KZ,2021-04-06 20:05:55,53.1667,63.5833,33.8,93,90,11.18
454,Mana,GF,2021-04-06 20:03:38,5.6592,-53.7767,80.92,77,42,10.31
455,Conakry,GN,2021-04-06 20:05:55,9.538,-13.6773,82.4,78,19,11.5
456,Voh,NC,2021-04-06 20:05:56,-20.9667,164.7,70.79,80,100,5.91
457,Walvis Bay,NA,2021-04-06 20:05:56,-22.9575,14.5053,60.8,82,0,3.44
458,Djenne,ML,2021-04-06 20:05:57,13.9061,-4.5533,93.24,8,43,10.18
459,Okhotsk,RU,2021-04-06 20:03:53,59.3833,143.3,1.38,87,85,8.23
460,North Bend,US,2021-04-06 20:05:57,43.4065,-124.2243,62.01,66,1,20.71
461,Alakurtti,RU,2021-04-06 20:05:57,66.9672,30.3491,32.0,75,100,11.99
462,Flinders,AU,2021-04-06 20:02:14,-34.5833,150.8552,64.99,92,37,1.01
463,Ossora,RU,2021-04-06 20:03:49,59.2353,163.0719,10.74,94,100,3.94
464,Gunnedah,AU,2021-04-06 20:05:58,-30.9833,150.25,55.4,100,0,4.61
465,Carauari,BR,2021-04-06 20:05:58,-4.8828,-66.8958,83.01,85,100,2.64
466,Ranau,MY,2021-04-06 20:05:58,5.9538,116.6641,78.8,94,20,3.44
467,Bulaevo,KZ,2021-04-06 20:05:59,54.9056,70.4439,24.75,95,19,8.16
468,Hobyo,SO,2021-04-06 20:05:59,5.3505,48.5268,81.75,56,12,14.38
469,Bonfim,BR,2021-04-06 20:05:59,3.0833,-59.95,79.54,76,100,7.27
470,Kajaani,FI,2021-04-06 20:06:00,64.2273,27.7285,32.0,93,90,11.5
471,Namibe,AO,2021-04-06 20:06:00,-15.1961,12.1522,77.32,82,96,6.11
472,Saint-Marc,HT,2021-04-06 20:06:00,19.1082,-72.6938,81.55,66,89,9.33
473,Termoli,IT,2021-04-06 20:06:01,41.9888,14.9895,36.0,92,89,8.99
474,Biloela,AU,2021-04-06 20:06:01,-24.4167,150.5,68.32,86,89,9.91
475,Constitucion,CL,2021-04-06 20:02:20,-35.3333,-72.4167,64.04,67,95,6.8
476,Mazatlan,MX,2021-04-06 20:06:01,23.2167,-106.4167,82.4,47,20,10.36
477,Aldan,RU,2021-04-06 20:06:02,58.6031,125.3894,-11.58,94,61,5.19
478,Sao Raimundo Nonato,BR,2021-04-06 20:06:02,-9.0153,-42.6994,87.96,40,94,4.9
479,Lagoa,PT,2021-04-06 20:03:15,39.05,-27.9833,59.94,84,100,11.72
480,Boundiali,CI,2021-04-06 20:03:24,9.5217,-6.4869,77.83,67,100,8.12
481,Anzio,IT,2021-04-06 20:06:03,41.4853,12.6179,55.0,65,20,7.0
482,Mama,RU,2021-04-06 20:06:03,58.3106,112.8986,29.52,97,100,3.76
483,Balkhash,KZ,2021-04-06 20:06:03,46.844,74.9804,43.32,73,37,8.21
484,Poltavka,RU,2021-04-06 20:06:04,54.3663,71.7632,21.56,94,23,7.63
485,Presidencia Roque Saenz Pena,AR,2021-04-06 20:06:04,-26.7852,-60.4388,77.0,81,21,1.99
486,Espanola,US,2021-04-06 20:06:04,35.9911,-106.0806,68.0,9,1,33.38
487,Progreso,MX,2021-04-06 20:06:05,21.2833,-89.6667,91.99,33,75,4.61
488,Alice Springs,AU,2021-04-06 20:04:04,-23.7,133.8833,62.01,72,10,4.61
489,Fairbanks,US,2021-04-06 20:06:05,64.8378,-147.7164,10.99,72,20,1.52
490,Hilton Head Island,US,2021-04-06 20:01:08,32.2163,-80.7526,78.8,31,1,10.36
491,Donghai,CN,2021-04-06 20:06:06,22.9459,115.642,66.7,78,67,8.5
492,Banjarmasin,ID,2021-04-06 20:06:06,-3.3244,114.591,76.03,93,97,2.33
493,Ngunguru,NZ,2021-04-06 20:06:06,-35.6167,174.5,57.99,96,100,1.99
494,Scarborough,GB,2021-04-06 20:06:07,54.2797,-0.4044,35.01,58,52,3.0
495,Bilibino,RU,2021-04-06 20:06:07,68.0546,166.4372,-14.28,97,82,2.53
496,Haapiti,PF,2021-04-06 20:06:07,-17.5667,-149.8667,84.2,58,75,4.61
497,Orocue,CO,2021-04-06 20:06:08,4.7912,-71.3354,83.35,67,58,6.08
498,Spanish Fork,US,2021-04-06 20:06:08,40.115,-111.6549,44.01,52,90,5.75
499,Sechura,PE,2021-04-06 20:03:18,-5.5569,-80.8222,82.6,58,100,9.44
500,Desaguadero,PE,2021-04-06 20:06:08,-16.5656,-69.0417,55.53,51,64,11.03
501,Burgeo,CA,2021-04-06 20:06:09,47.6167,-57.6152,42.26,95,100,13.47
502,Dolores,AR,2021-04-06 20:01:22,-36.3132,-57.6792,74.14,73,6,10.4
503,Gat,IL,2021-04-06 20:06:09,31.61,34.7642,71.01,45,62,2.13
504,Sovetskiy,RU,2021-04-06 20:06:10,61.3614,63.5842,28.09,95,3,3.42
505,Santa Maria,BR,2021-04-06 20:06:10,-29.6842,-53.8069,86.0,45,20,6.91
506,Ceres,US,2021-04-06 20:05:57,37.5949,-120.9577,66.99,48,1,5.75
507,Myitkyina,MM,2021-04-06 20:06:11,25.3833,97.4,64.94,94,61,2.17
508,Krasnoselkup,RU,2021-04-06 20:06:11,65.7,82.4667,32.63,98,100,9.53
509,Santa Luzia,BR,2021-04-06 20:06:11,-19.7697,-43.8514,78.8,50,75,4.61
510,Onufriyivka,UA,2021-04-06 20:06:12,48.9072,33.4487,44.91,68,14,10.85
511,Salalah,OM,2021-04-06 20:04:35,17.0151,54.0924,80.6,74,0,2.3
512,Catuday,PH,2021-04-06 20:06:12,16.2923,119.8062,77.58,73,11,10.13
513,Clarence Town,AU,2021-04-06 20:06:12,-32.5833,151.7833,66.0,100,90,4.61
514,San Quintin,MX,2021-04-06 20:06:13,30.4833,-115.95,66.56,60,81,18.59
515,Awjilah,LY,2021-04-06 20:02:59,29.1081,21.2869,66.4,52,98,15.88
516,Pokhara,NP,2021-04-06 20:03:03,28.2333,83.9833,68.2,20,0,7.67
517,Ostrovnoy,RU,2021-04-06 20:06:13,68.0531,39.5131,31.33,86,100,16.53
518,Oktyabrskiy,RU,2021-04-06 20:06:14,54.4815,53.471,35.96,95,100,8.46
519,Delmiro Gouveia,BR,2021-04-06 20:06:14,-9.3886,-37.9992,84.2,58,75,14.97
520,Stornoway,GB,2021-04-06 20:06:14,58.2093,-6.3865,33.8,75,75,13.8
521,Avera,US,2021-04-06 20:02:52,33.194,-82.5271,82.4,22,1,8.05
522,Borovskoy,KZ,2021-04-06 20:06:14,53.8,64.15,32.29,98,100,7.94
523,Burnie,AU,2021-04-06 20:06:15,-41.0667,145.9167,53.01,99,73,3.0
524,Dromolaxia,CY,2021-04-06 20:06:15,34.8761,33.586,66.0,63,0,4.61
525,Kemin,KG,2021-04-06 20:06:16,42.7846,75.6892,40.5,75,100,2.86
526,Emba,KZ,2021-04-06 20:06:16,48.8264,58.1442,46.42,73,94,9.84
527,Auki,SB,2021-04-06 20:06:16,-8.7676,160.7034,76.17,89,100,7.65
528,Sola,VU,2021-04-06 20:02:30,-13.8833,167.55,81.14,76,100,16.28
529,Tarbes,FR,2021-04-06 20:03:51,43.25,0.1667,44.6,61,90,16.11
530,Shenjiamen,CN,2021-04-06 20:06:17,29.9576,122.298,53.76,60,100,5.35
531,Tiarei,PF,2021-04-06 20:06:17,-17.5333,-149.3333,84.2,58,75,4.61
532,Bairiki,KI,2021-04-06 20:06:18,1.3292,172.9752,78.8,89,75,4.61
533,Salta,AR,2021-04-06 20:06:18,-24.7859,-65.4117,78.8,57,40,6.91
534,Berdigestyakh,RU,2021-04-06 20:06:18,62.0989,126.6992,-23.26,100,67,3.13
535,Kamina,CD,2021-04-06 20:06:18,-8.7386,24.9906,64.9,95,74,2.91
536,Samana,DO,2021-04-06 20:06:19,19.2056,-69.3369,75.2,94,75,11.12
537,Kamphaeng Phet,TH,2021-04-06 20:06:19,16.25,99.5,76.89,81,100,4.09
538,Keetmanshoop,NA,2021-04-06 20:06:19,-26.5833,18.1333,77.0,33,0,9.22
539,Mezen,RU,2021-04-06 20:06:20,65.8522,44.24,38.55,82,100,15.48
540,Hope,US,2021-04-06 20:06:20,33.6671,-93.5916,75.0,50,100,7.0
541,Ambon,ID,2021-04-06 20:06:20,-3.6954,128.1814,80.28,81,69,5.39
542,Pandan,PH,2021-04-06 20:06:21,14.0453,124.1694,76.89,77,100,11.07
543,Garissa,KE,2021-04-06 20:03:41,-0.4536,39.6401,83.64,65,24,17.4
544,Wyndham,US,2021-04-06 20:06:21,37.6985,-77.6125,82.0,22,1,5.75
545,Wellington,NZ,2021-04-06 20:02:55,-41.2866,174.7756,54.0,94,7,3.44
546,Albanel,CA,2021-04-06 20:06:21,48.8832,-72.4487,55.4,54,100,6.91
547,Marzuq,YE,2021-04-06 20:06:22,14.4,46.4667,69.15,42,7,4.09
548,Cacu,BR,2021-04-06 20:06:22,-18.5567,-51.1308,83.25,49,77,2.59
549,Chokwe,MZ,2021-04-06 20:06:22,-24.5333,32.9833,65.98,80,0,5.26
550,Berlevag,NO,2021-04-06 20:06:23,70.8578,29.0864,32.0,74,0,20.71
551,Zapolyarnyy,RU,2021-04-06 20:06:23,69.4154,30.8136,32.0,69,0,9.22
552,Ikom,NG,2021-04-06 20:06:23,5.9667,8.7063,74.17,89,100,4.94
553,Tulum,MX,2021-04-06 20:06:24,20.2167,-87.4667,80.6,65,75,13.8
554,Tay Ninh,VN,2021-04-06 20:06:24,11.3,106.1,79.09,72,59,3.02
555,Pizarro,CO,2021-04-06 20:06:24,4.9533,-77.366,79.29,87,100,5.57
556,Sabang,ID,2021-04-06 20:02:42,5.8933,95.3214,81.16,76,100,10.58
557,Kodinar,IN,2021-04-06 20:06:25,20.7903,70.7031,77.18,67,0,11.79
558,Kamenka,RU,2021-04-06 20:06:25,51.3223,42.7678,37.99,82,72,6.46
559,Urucara,BR,2021-04-06 20:06:25,-2.5364,-57.76,85.57,68,100,2.19
560,Port Hardy,CA,2021-04-06 20:00:06,50.6996,-127.4199,46.4,81,75,8.05
561,Katsuura,JP,2021-04-06 20:06:26,35.1333,140.3,50.0,76,40,9.22
562,Tucurui,BR,2021-04-06 20:06:26,-3.7661,-49.6725,88.9,63,64,2.19
563,Asau,RO,2021-04-06 20:06:26,46.4333,26.4,43.0,50,100,1.16
564,Sarankhola,BD,2021-04-06 20:06:27,22.3082,89.7897,74.79,80,0,4.99
565,Inongo,CD,2021-04-06 20:06:27,-1.95,18.2667,73.47,85,36,1.54
566,Bundaberg,AU,2021-04-06 20:06:27,-24.85,152.35,69.8,88,75,5.75
